f0_deg,gamma1,w
0.000000,0.2806460.111111
10.000000,0.2294220.112245
40.000000,0.1866130.130702
50.000000,0.1934420.143178
60.000000,0.2062240.160000
70.000000,0.2179180.182313
170.000000,0.9756000.970294
180.000000,0.9886231.000000
190.000000,0.8558380.970294
350.000000,0.3803140.112245
